{"coef": [0.0009645281429099698, 0.0002049677608422923, 0.534869764782887, -1.0511332504036883, -1.7395277917126617, -0.38574164629530444, 2.554027004759185, -3.5305706830556294, 0.13016953069862144, -0.10078191412971595], "intercept": -1063.7915557058443, "feature_names": ["average_playtime", "achievements", "release_year", "self_published", "english", "is_mac", "is_multiplayer", "is_indie", "is_action", "is_early_access"]}