{"coef": [0.0009645281429099518, 0.0002049677608423027, 0.5348697647828846, -1.0511332504036897, -1.7395277917126726, -0.3857416462953012, 2.554027004759189, -3.5305706830556294, 0.13016953069862416, -0.10078191412971445], "intercept": -1063.7915557058398, "feature_names": ["average_playtime", "achievements", "release_year", "self_published", "english", "is_mac", "is_multiplayer", "is_indie", "is_action", "is_early_access"]}